Workbook

Sheet Cost OPEN LOOP
A1: Components | B1: Description | C1: Quantity | D1: Length_Miles | E1: ROW_Length_Miles | F1: Total_Item_Cost | G1: Category_Total
A2: # --- LINES ---
A3: 500kV Line | B3: [Bus3210-Bus3211] (Distribution Loop) NewLoad3200 to NewLoad3201 500kV | C3: 1 | D3: 58 | E3: =D3*1.2 -> 69.6 | F3: =(Components!$B$4+(E3*Components!$C$4))*C3 -> 2.238e+08
A4: 500kV Line | B4: [Bus3210-Bus1110] (Distribution Loop) NewLoad3200 to NewLoad1100 500kV | C4: 1 | D4: 98 | E4: =D4*1.2 -> 117.6 | F4: =(Components!$B$4+(E4*Components!$C$4))*C4 -> 367800000
A5: 500kV Line | B5: [Bus1110-Bus1111] (Distribution Loop) NewLoad1100 to NewLoad1101 500kV | C5: 1 | D5: 72 | E5: =D5*1.2 -> 86.4 | F5: =(Components!$B$4+(E5*Components!$C$4))*C5 -> 274200000
A6: 500kV Line | B6: [Bus1111-Bus1112] (Distribution Loop) NewLoad1101 to NewLoad1102 500kV | C6: 2 | D6: 106 | E6: =D6*1.2 -> 127.2 | F6: =(Components!$B$4+(E6*Components!$C$4))*C6 -> 7.932e+08
A7: 500kV Line | B7: [Bus1079-Bus1111] (North Feed) NewLoad1101 to ODESSA 1_8 500kV | C7: 3 | D7: 34 | E7: =D7*1.2 -> 40.8 | F7: =(Components!$B$4+(E7*Components!$C$4))*C7 -> 412200000
A8: 500kV Line | B8: [Bus3333-Bus1110] (East Feed) NewLoad1100 to CHRISTOVAL 500kV | C8: 1 | D8: 54 | E8: =D8*1.2 -> 64.8 | F8: =(Components!$B$4+(E8*Components!$C$4))*C8 -> 209400000
A9: 500kV Line | B9: [Bus3333-Bus3210] (East Feed 2) NewLoad3200 to CHRISTOVAL 500kV | C9: 1 | D9: 65 | E9: =D9*1.2 -> 78 | F9: =(Components!$B$4+(E9*Components!$C$4))*C9 -> 249000000
A10: 500kV Line | B10: [Bus3334-Bus3211] (South Feed) NewLoad3201 to DEL RIO 500kV | C10: 2 | D10: 25 | E10: =D10*1.2 -> 30 | F10: =(Components!$B$4+(E10*Components!$C$4))*C10 -> 210000000
G11: =SUM(F3:F10) -> 2739600000
A12: # --- TRANSFORMERS ---
A13: 500/230kV Transformer | B13: [Bus1110-Bus1100] NewLoad1100 2x 500kV/230kV | C13: 2 | F13: =Components!$B$8*C13 -> 24000000
A14: 500/230kV Transformer | B14: [Bus1111-Bus1101] NewLoad1101 2x 500kV/230kV | C14: 2 | F14: =Components!$B$8*C14 -> 24000000
A15: 500/230kV Transformer | B15: [Bus1112-Bus1102] NewLoad1102 2x 500kV/230kV | C15: 2 | F15: =Components!$B$8*C15 -> 24000000
A16: 500/230kV Transformer | B16: [Bus3211-Bus3201] NewLoad3201 2x 500kV/230kV | C16: 2 | F16: =Components!$B$8*C16 -> 24000000
A17: 500/230kV Transformer | B17: [Bus3210-Bus3200] NewLoad3200 2x 500kV/230kV | C17: 2 | F17: =Components!$B$8*C17 -> 24000000
A18: 500/230kV Transformer | B18: [Bus3333-Bus3018] CHRISTOVAL 2x 500kV/230kV | C18: 2 | F18: =Components!$B$8*C18 -> 24000000
A19: 500/230kV Transformer | B19: [Bus3334-Bus3050] DEL RIO 2x 500kV/230kV | C19: 2 | F19: =Components!$B$8*C19 -> 24000000
G20: =SUM(F13:F19) -> 168000000
A21: # --- SUBSTATIONS ---
A22: Substation Upgrade (230kV to 500kV) | B22: [Bus1110] Upgrade NewLoad1100 Substation to 500kV | C22: 1 | F22: =Components!$B$13*C22 -> 8000000
A23: Substation Upgrade (230kV to 500kV) | B23: [Bus1111] Upgrade NewLoad1101 Substation to 500kV | C23: 1 | F23: =Components!$B$13*C23 -> 8000000
A24: Substation Upgrade (230kV to 500kV) | B24: [Bus1112] Upgrade NewLoad1102 Substation to 500kV | C24: 1 | F24: =Components!$B$13*C24 -> 8000000
A25: Substation Upgrade (230kV to 500kV) | B25: [Bus3211] Upgrade NewLoad3201 Substation to 500kV | C25: 1 | F25: =Components!$B$13*C25 -> 8000000
A26: Substation Upgrade (230kV to 500kV) | B26: [Bus3210] Upgrade NewLoad3200 Substation to 500kV | C26: 1 | F26: =Components!$B$13*C26 -> 8000000
A27: Substation Upgrade (230kV to 500kV) | B27: [Bus3333] Upgrade CHRISTOVAL Substation to 500kV | C27: 1 | F27: =Components!$B$13*C27 -> 8000000
A28: Substation Upgrade (230kV to 500kV) | B28: [Bus3334] Upgrade DEL RIO Substation to 500kV | C28: 1 | F28: =Components!$B$13*C28 -> 8000000
G29: =SUM(F22:F28) -> 56000000
A30: # --- TOTALS ---
B32: Total_Transmission_Capital_Cost | F32: =SUM(F2:F30) -> 2963600000

Sheet Cost RING LOOP
A1: Components | B1: Description | C1: Quantity | D1: Length_Miles | E1: ROW_Length_Miles | F1: Total_Item_Cost | G1: Category_Total
A2: # --- LINES ---
A3: 500kV Line | B3: [Bus3210-Bus3211] (Distribution Loop) NewLoad3200 to NewLoad3201 500kV | C3: 1 | D3: 58 | E3: =D3*1.2 -> 69.6 | F3: =(Components!$B$4+(E3*Components!$C$4))*C3 -> 2.238e+08
A4: 500kV Line | B4: [Bus3210-Bus1110] (Distribution Loop) NewLoad3200 to NewLoad1100 500kV | C4: 1 | D4: 98 | E4: =D4*1.2 -> 117.6 | F4: =(Components!$B$4+(E4*Components!$C$4))*C4 -> 367800000
A5: 500kV Line | B5: [Bus1110-Bus1111] (Distribution Loop) NewLoad1100 to NewLoad1101 500kV | C5: 1 | D5: 72 | E5: =D5*1.2 -> 86.4 | F5: =(Components!$B$4+(E5*Components!$C$4))*C5 -> 274200000
A6: 500kV Line | B6: [Bus1111-Bus1112] (Distribution Loop) NewLoad1101 to NewLoad1102 500kV | C6: 1 | D6: 106 | E6: =D6*1.2 -> 127.2 | F6: =(Components!$B$4+(E6*Components!$C$4))*C6 -> 3.966e+08
A7: 500kV Line | B7: [Bus1112-Bus3211] (Distribution Loop) NewLoad1102 to NewLoad3201 500kV | C7: 1 | D7: 212 | E7: =D7*1.2 -> 254.4 | F7: =(Components!$B$4+(E7*Components!$C$4))*C7 -> 7.782e+08
A8: 500kV Line | B8: [Bus1079-Bus1111] (North Feed) NewLoad1101 to ODESSA 1_8 500kV | C8: 3 | D8: 34 | E8: =D8*1.2 -> 40.8 | F8: =(Components!$B$4+(E8*Components!$C$4))*C8 -> 412200000
A9: 500kV Line | B9: [Bus3333-Bus1110] (East Feed) NewLoad1100 to CHRISTOVAL 500kV | C9: 1 | D9: 54 | E9: =D9*1.2 -> 64.8 | F9: =(Components!$B$4+(E9*Components!$C$4))*C9 -> 209400000
A10: 500kV Line | B10: [Bus3333-Bus3210] (East Feed 2) NewLoad3200 to CHRISTOVAL 500kV | C10: 1 | D10: 65 | E10: =D10*1.2 -> 78 | F10: =(Components!$B$4+(E10*Components!$C$4))*C10 -> 249000000
A11: 500kV Line | B11: [Bus3334-Bus3211] (South Feed) NewLoad3201 to DEL RIO 500kV | C11: 1 | D11: 25 | E11: =D11*1.2 -> 30 | F11: =(Components!$B$4+(E11*Components!$C$4))*C11 -> 105000000
G12: =SUM(F3:F11) -> 3016200000
A13: # --- TRANSFORMERS ---
A14: 500/230kV Transformer | B14: [Bus1110-Bus1100] NewLoad1100 2x 500kV/230kV | C14: 2 | F14: =Components!$B$8*C14 -> 24000000
A15: 500/230kV Transformer | B15: [Bus1111-Bus1101] NewLoad1101 2x 500kV/230kV | C15: 2 | F15: =Components!$B$8*C15 -> 24000000
A16: 500/230kV Transformer | B16: [Bus1112-Bus1102] NewLoad1102 2x 500kV/230kV | C16: 2 | F16: =Components!$B$8*C16 -> 24000000
A17: 500/230kV Transformer | B17: [Bus3211-Bus3201] NewLoad3201 2x 500kV/230kV | C17: 2 | F17: =Components!$B$8*C17 -> 24000000
A18: 500/230kV Transformer | B18: [Bus3210-Bus3200] NewLoad3200 2x 500kV/230kV | C18: 2 | F18: =Components!$B$8*C18 -> 24000000
A19: 500/230kV Transformer | B19: [Bus3333-Bus3018] CHRISTOVAL 2x 500kV/230kV | C19: 2 | F19: =Components!$B$8*C19 -> 24000000
A20: 500/230kV Transformer | B20: [Bus3334-Bus3050] DEL RIO 2x 500kV/230kV | C20: 2 | F20: =Components!$B$8*C20 -> 24000000
G21: =SUM(F14:F20) -> 168000000
A22: # --- SUBSTATIONS ---
A23: Substation Upgrade (230kV to 500kV) | B23: [Bus1110] Upgrade NewLoad1100 Substation to 500kV | C23: 1 | F23: =Components!$B$13*C23 -> 8000000
A24: Substation Upgrade (230kV to 500kV) | B24: [Bus1111] Upgrade NewLoad1101 Substation to 500kV | C24: 1 | F24: =Components!$B$13*C24 -> 8000000
A25: Substation Upgrade (230kV to 500kV) | B25: [Bus1112] Upgrade NewLoad1102 Substation to 500kV | C25: 1 | F25: =Components!$B$13*C25 -> 8000000
A26: Substation Upgrade (230kV to 500kV) | B26: [Bus3211] Upgrade NewLoad3201 Substation to 500kV | C26: 1 | F26: =Components!$B$13*C26 -> 8000000
A27: Substation Upgrade (230kV to 500kV) | B27: [Bus3210] Upgrade NewLoad3200 Substation to 500kV | C27: 1 | F27: =Components!$B$13*C27 -> 8000000
A28: Substation Upgrade (230kV to 500kV) | B28: [Bus3333] Upgrade CHRISTOVAL Substation to 500kV | C28: 1 | F28: =Components!$B$13*C28 -> 8000000
A29: Substation Upgrade (230kV to 500kV) | B29: [Bus3334] Upgrade DEL RIO Substation to 500kV | C29: 1 | F29: =Components!$B$13*C29 -> 8000000
G30: =SUM(F23:F29) -> 56000000
A31: # --- TOTALS ---
B33: Total_Transmission_Capital_Cost | F33: =SUM(F2:F31) -> 3240200000

Sheet Components
A1: Lines
A2: Component | B2: Fixed Cost | C2: Variable Cost (per mile) | D2: Reactance (p.u., per mile) | E2: Rating (MVA) | F2: Max ROW length (miles)
A3: 230kV Line | B3: 8000000 | C3: 1300000 | D3: 0.0012 | E3: 400 | F3: 115
A4: 500kV Line | B4: 15000000 | C4: 3000000 | D4: 0.0002 | E4: 1600 | F4: 200
A6: Transformers
A7: Component | B7: Fixed Cost | C7: Reactance (p.u.) | D7: Rating (MVA)
A8: 500/230kV Transformer | B8: 12000000 | C8: 0.015 | D8: 1100
A9: 230/115kV Transformer | B9: 1800000 | C9: 0.05 | D9: 200
A11: Substations
A12: Component | B12: Fixed Cost
A13: 230kV ->500kV Substation Upgrade | B13: 8000000
A14: New 500kV Substation | B14: 11000000
A15: New 500kV Substation + 230kV | B15: =B14+3000000 -> 14000000
A16: New 230kV Substation | B16: 7000000
A17: 115kV -> 230kV Substation | B17: 4000000
A18: 115kV -> 230kV Substation + 500kV | B18: =B17+8000000 -> 12000000
